{"cameraMode":{"drawMode":0,"name":"Shaded","section":"Shading Mode"},"sceneLighting":false,"audioPlay":false,"sceneViewState":{"showFog":true,"showMaterialUpdate":false,"showSkybox":false,"showFlares":true,"showImageEffects":true,"showParticleSystems":true},"in2DMode":false,"pivot":{"x":-0.9200968146324158,"y":-0.850365161895752,"z":0.9857773780822754},"rotation":{"x":-0.2510060966014862,"y":-0.4374236464500427,"z":0.12858928740024568,"w":-0.8539148569107056},"size":4.678557395935059,"orthographic":false}