{"cameraMode":{"drawMode":0,"name":"Shaded","section":"Shading Mode"},"sceneLighting":false,"audioPlay":false,"sceneViewState":{"showFog":true,"showMaterialUpdate":false,"showSkybox":false,"showFlares":true,"showImageEffects":true,"showParticleSystems":true},"in2DMode":false,"pivot":{"x":2.0946524143218996,"y":-5.71999979019165,"z":2.5900001525878908},"rotation":{"x":-0.35026559233665469,"y":-0.2439713478088379,"z":0.09503163397312164,"w":-0.8993389010429382},"size":9.339640617370606,"orthographic":false}