{"cameraMode":{"drawMode":0,"name":"Shaded","section":"Shading Mode"},"sceneLighting":true,"audioPlay":false,"sceneViewState":{"showFog":true,"showMaterialUpdate":false,"showSkybox":true,"showFlares":true,"showImageEffects":true,"showParticleSystems":true},"in2DMode":false,"pivot":{"x":-3.0999999046325685,"y":108.43000030517578,"z":-3.9000000953674318},"rotation":{"x":0.5821043252944946,"y":0.03340616822242737,"z":-0.023951943963766099,"w":0.8121104836463928},"size":22.0,"orthographic":false}