{"cameraMode":{"drawMode":0,"name":"Shaded","section":"Shading Mode"},"sceneLighting":true,"audioPlay":false,"sceneViewState":{"showFog":true,"showMaterialUpdate":false,"showSkybox":true,"showFlares":true,"showImageEffects":true,"showParticleSystems":true},"in2DMode":false,"pivot":{"x":-5.110982894897461,"y":-2.5618278980255129,"z":-10.0498685836792},"rotation":{"x":-0.06747031211853028,"y":0.9041620492935181,"z":-0.15557731688022614,"w":-0.39212068915367129},"size":18.469974517822267,"orthographic":false}