{"cameraMode":{"drawMode":0,"name":"Shaded","section":"Shading Mode"},"sceneLighting":true,"audioPlay":false,"sceneViewState":{"showFog":true,"showMaterialUpdate":false,"showSkybox":true,"showFlares":true,"showImageEffects":true,"showParticleSystems":true},"in2DMode":false,"pivot":{"x":3.7335777282714845,"y":-13.940139770507813,"z":-5.317785263061523},"rotation":{"x":-0.5563316941261292,"y":-0.16506409645080567,"z":0.11389206349849701,"w":-0.806428074836731},"size":78.1938705444336,"orthographic":false}