{"cameraMode":{"drawMode":0,"name":"Shaded","section":"Shading Mode"},"sceneLighting":false,"audioPlay":false,"sceneViewState":{"showFog":true,"showMaterialUpdate":false,"showSkybox":false,"showFlares":true,"showImageEffects":true,"showParticleSystems":true},"in2DMode":false,"pivot":{"x":2.0404481887817385,"y":17.408493041992189,"z":1.276212215423584},"rotation":{"x":-0.1585204005241394,"y":-0.6842111349105835,"z":0.1561700403690338,"w":-0.6945406794548035},"size":27.602781295776368,"orthographic":false}