{"cameraMode":{"drawMode":0,"name":"Shaded","section":"Shading Mode"},"sceneLighting":false,"audioPlay":false,"sceneViewState":{"showFog":true,"showMaterialUpdate":false,"showSkybox":false,"showFlares":true,"showImageEffects":true,"showParticleSystems":true},"in2DMode":false,"pivot":{"x":29.493587493896486,"y":-16.866844177246095,"z":14.971077919006348},"rotation":{"x":0.2858518362045288,"y":0.5621054172515869,"z":-0.21533623337745667,"w":0.7456586360931397},"size":78.85206604003906,"orthographic":false}