{"cameraMode":{"drawMode":0,"name":"Shaded","section":"Shading Mode"},"sceneLighting":true,"audioPlay":false,"sceneViewState":{"showFog":true,"showMaterialUpdate":false,"showSkybox":true,"showFlares":true,"showImageEffects":true,"showParticleSystems":true},"in2DMode":false,"pivot":{"x":-33.93268585205078,"y":-10.765625,"z":22.17578125},"rotation":{"x":0.5109175443649292,"y":-0.019338810816407205,"z":0.011497811414301396,"w":0.859343409538269},"size":109.24921417236328,"orthographic":true}