{"cameraMode":{"drawMode":0,"name":"Shaded","section":"Shading Mode"},"sceneLighting":false,"audioPlay":false,"sceneViewState":{"showFog":true,"showMaterialUpdate":false,"showSkybox":false,"showFlares":true,"showImageEffects":true,"showParticleSystems":true},"in2DMode":false,"pivot":{"x":9.42605972290039,"y":0.701163113117218,"z":-1.4474029541015626},"rotation":{"x":-0.2110190987586975,"y":-0.22152750194072724,"z":0.04917154461145401,"w":-0.9508039951324463},"size":23.39278793334961,"orthographic":false}